<?xml version="1.0" encoding="UTF-8"?>
<beans xmlns="http://www.springframework.org/schema/beans"
   xmlns:xsi="http://www.w3.org/2001/XMLSchema-instance"
   xsi:schemaLocation="http://www.springframework.org/schema/beans https://www.springframework.org/schema/beans/spring-beans.xsd">
   
   <!-- Root Context: defines shared resources visible to all other web components -->
      
   <!-- 공통 DB작업 -->
   <bean id="hikariConfig" class="com.zaxxer.hikari.HikariConfig">
      <property name="driverClassName"
         value="net.sf.log4jdbc.sql.jdbcapi.DriverSpy"></property>
      <property name="jdbcUrl"
         value="jdbc:log4jdbc:oracle:thin:@localhost:49161:XE"></property>
      <property name="username" value="kosa"></property>
      <property name="password" value="1004"></property>
   </bean>
   
   <bean id="driverManagerDataSource" class="com.zaxxer.hikari.HikariDataSource" destroy-method="close">
      <constructor-arg ref="hikariConfig"></constructor-arg>
   </bean>
   
   <!-- MyBatis 설정 START -->
   <bean id="sqlSessionFactoryBean" class="org.mybatis.spring.SqlSessionFactoryBean">
      <property name="dataSource" ref="driverManagerDataSource"></property>
      <property name="mapperLocations"
         value="classpath*:mapper/*.xml" />
   </bean>
   
   <bean id="sqlSession" class="org.mybatis.spring.SqlSessionTemplate">
      <constructor-arg index="0" ref="sqlSessionFactoryBean" />
   </bean>
   <!-- MyBatis 설정 END -->
      
   <bean id="internalResourceViewResolver"
      class="org.springframework.web.servlet.view.InternalResourceViewResolver">
      <property name="prefix">
         <value>/WEB-INF/views/</value>
      </property>
      <property name="suffix">
         <value>.jsp</value>
      </property>
   </bean>  
   
   	<!-- 파일 업로드 보조(반드시)  -->
	<bean  id="multipartResolver" class="org.springframework.web.multipart.commons.CommonsMultipartResolver">
			<property name="maxUploadSize"    value="10485760"></property>
			<property name="defaultEncoding"  value="UTF-8"></property>
	</bean>	
      
</beans>