<?xml version="1.0" encoding="UTF-8"?>
<beans xmlns="http://www.springframework.org/schema/beans"
	xmlns:xsi="http://www.w3.org/2001/XMLSchema-instance"
	xmlns:context="http://www.springframework.org/schema/context"
	xsi:schemaLocation="http://www.springframework.org/schema/beans http://www.springframework.org/schema/beans/spring-beans.xsd
		http://www.springframework.org/schema/context http://www.springframework.org/schema/context/spring-context-4.3.xsd">
<!--
객체의 생성과 조립(주입)

spring 은 자신만의 컨테이너를 제공 (spring 전용 메모리 공간) 안에
xml 또는 annotation를 통해서 객체를 생성하고 조립하는 과정을 수행 (객체간의 관계 설정)

컨테이너 안에 생성돤 객체를 불러서 .... getbean() 함수

:IOC 컨테이너 (제어의 역전)
내가 주도했던 코드에서 Spring 이 주체 .....
:작은 단위의 부품을 만들고 놓고 그 것을 조립하는 행위 (레고블럭)
	
		MonitorViewer viewer = new MonitorViewer();
		Recorder recorder = new Recorder();
		viewer.setRecorder(recorder);
		
		
@Resource
목적 : 어플리케이션에서 필요로 하는 자원을 자동 연결(의존하는 빈 객체 전달)할 때 사용
       @Autowired 와 같은 기능을 하며 
       @Autowired와 차이점은 
       @Autowired는 타입으로(by type),  
       @Resource는 이름으로(by name)으로 연결시켜준다는 것이다.
설정위치 : 프로퍼티, setter메소드
추가설정 : CommonAnnotationBeanPostProcessor 클래스를 빈으로 등록시켜줘야 한다. 
해당 설정 대신에 <context:annotation-config> 태그를 사용해도 된다.
옵션 : name 
-->

	  <context:annotation-config />
	  <bean id="monitorViewer"  class="DI_Annotation_03.MonitorViewer"></bean>
	  
	  <bean id="xx"  class="DI_Annotation_03.Recorder"></bean>
	  <bean id="yy"  class="DI_Annotation_03.Recorder"></bean>
	  <bean id="zz"  class="DI_Annotation_03.Recorder"></bean>
	 
</beans>



