<?xml version="1.0" encoding="UTF-8"?>
<beans xmlns="http://www.springframework.org/schema/beans" 
       xmlns:xsi="http://www.w3.org/2001/XMLSchema-instance" 
       xsi:schemaLocation="http://www.springframework.org/schema/beans 
	   http://www.springframework.org/schema/beans/spring-beans.xsd">
<!--
객체의 생성과 조립(주입)

spring 은 자신만의 컨테이너를 제공 (spring 전용 메모리 공간) 안에
xml 또는 annotation를 통해서 객체를 생성하고 조립하는 과정을 수행 (객체간의 관계 설정)

컨테이너 안에 생성돤 객체를 불러서 .... getbean() 함수

:IOC 컨테이너 (제어의 역전)
내가 주도했던 코드에서 Spring 이 주체 .....
:작은 단위의 부품을 만들고 놓고 그 것을 조립하는 행위 (레고블럭)

		MyBean mybean = new MyBean();
		MyBean mybean2 = new MyBean("hong");
		MyBean mybean3 = new MyBean();
  -->
	<bean id="mybean" class="DI_05_Spring.MyBean"></bean>
	<bean id="mybean2" class="DI_05_Spring.MyBean">
		<constructor-arg value="hong" />
	</bean>
	<bean id="mybean3" class="DI_05_Spring.MyBean"></bean>
	
	<bean id="single" class="DI_05_Spring.Singleton" factory-method="getInstance" />
	<!--  
	3.x.x 버전 factory-method="getInstance" 반드시 명시
	4.x.x 버전 이후  factory-method="getInstance"  생략해도 알아서 처리 ....
	가독성을 위해서 명시 .....
	
	현재 5.3.6 버전 ...
	-->
</beans>