<?xml version="1.0" encoding="UTF-8"?>
<beans xmlns="http://www.springframework.org/schema/beans" 
       xmlns:xsi="http://www.w3.org/2001/XMLSchema-instance" 
       xsi:schemaLocation="http://www.springframework.org/schema/beans 
	   http://www.springframework.org/schema/beans/spring-beans.xsd">
<!--
객체의 생성과 조립(주입)

spring 은 자신만의 컨테이너를 제공 (spring 전용 메모리 공간) 안에
xml 또는 annotation를 통해서 객체를 생성하고 조립하는 과정을 수행 (객체간의 관계 설정)

컨테이너 안에 생성돤 객체를 불러서 .... getbean() 함수

:IOC 컨테이너 (제어의 역전)
내가 주도했던 코드에서 Spring 이 주체 .....
:작은 단위의 부품을 만들고 놓고 그 것을 조립하는 행위 (레고블럭)
	
JAVA 코드

	   ProtocolHandlerFactory factory = new ProtocolHandlerFactory();
		
		Map<String, ProtocolHandler> handler = new HashMap<String, ProtocolHandler>();
		handler.put("rss", new RssHandler());
		handler.put("rest", new RestHandler());
		
		factory.setHandlers(handler);	
	
-->
	<bean id="rssHandler" class="DI_09_Spring.RssHandler"></bean>
	<bean id="protocolHandlerFactory" class="DI_09_Spring.ProtocolHandlerFactory">
		<property name="handlers">
			<map>
				<entry> <!-- put -->
					<key><value>rss</value></key>
					<ref bean="rssHandler" />  
					<!-- handler.put("rss", new RssHandler()) -->
				</entry>
				<entry> <!-- put -->
					<key><value>rest</value></key>
					<bean class="DI_09_Spring.RestHandler"></bean>
				</entry>
				   <!-- handler.put("rest", new RestHandler()) -->
			</map>
		</property>
	</bean>

</beans>